 ,   A,   R,   N,   D,   C,   Q,   E,   G,   H,   I,   L,   K,   M,   F,   P,   S,   T,   W,   Y,   V,   B,   Z,   X,   *
A,  32, -13, -04, -04,  15, -02, -04,  04, -12, -13, -14, -07, -10, -23, -01,  08,  08, -36, -24,  00, -61, -61, -61, -61
R, -13,  62, -01, -15, -27,  18, -07, -19,  09, -24, -25,  33, -11, -33, -11, -03, -09, -38, -19, -23, -61, -61, -61, -61
N, -04, -01,  51,  26, -16,  09,  08,  02,  10, -36, -35,  07, -23, -35, -14,  09,  00, -45, -15, -26, -61, -61, -61, -61
D, -04, -15,  26,  57, -37,  09,  27, -05,  03, -45, -46,  04, -33, -58, -03,  03, -02, -53, -39, -35, -61, -61, -61, -61
C,  15, -27, -16, -37, 117, -28, -32, -17, -12,  02, -23, -32,  01, -28, -28,  10,  00, -61, -07,  18, -61, -61, -61, -61
Q, -02,  18,  09,  09, -28,  36,  21, -16,  12, -22, -19,  17, -04, -24, -04,  04,  01, -54, -28, -18, -61, -61, -61, -61
E, -04, -07,  08,  27, -32,  21,  43, -13, -02, -33, -28,  11, -23, -41,  00,  04, -02, -58, -24, -23, -61, -61, -61, -61
G,  04, -19,  02, -05, -17, -16, -13,  76, -16, -54, -48, -17, -36, -46, -16,  00, -19, -48, -45, -38, -61, -61, -61, -61
H, -12,  09,  10,  03, -12,  12, -02, -16,  75, -22, -19,  00, -21,  00, -15,  00, -02, -03,  21, -23, -61, -61, -61, -61
I, -13, -24, -36, -45,  02, -22, -33, -54, -22,  46,  31, -23,  17,  07, -37, -28, -07, -07, -08,  33, -61, -61, -61, -61
L, -14, -25, -35, -46, -23, -19, -28, -48, -19,  31,  46, -24,  32,  21, -28, -29, -16, -02,  00,  20, -61, -61, -61, -61
K, -07,  33,  07,  04, -32,  17,  11, -17,  00, -23, -24,  36, -11, -37, -01,  00,  00, -40, -23, -20, -61, -61, -61, -61
M, -10, -11, -23, -33,  01, -04, -23, -36, -21,  17,  32, -11,  54,  14, -28, -18, -08, -21, -09,  14, -61, -61, -61, -61
F, -23, -33, -35, -58, -28, -24, -41, -46,  00,  07,  21, -37,  14,  74, -37, -26, -23,  42,  52, -03, -61, -61, -61, -61
P, -01, -11, -14, -03, -28, -04,  00, -16, -15, -37, -28, -01, -28, -37,  84, -01, -05, -36, -45, -25, -61, -61, -61, -61
S,  08, -03,  09,  03,  10,  04,  04,  00,  00, -28, -29,  00, -18, -26, -01,  31,  16, -35, -15, -14, -61, -61, -61, -61
T,  08, -09,  00, -02,  00,  01, -02, -19, -02, -07, -16,  00, -08, -23, -05,  16,  38, -53, -21, -01, -61, -61, -61, -61
W, -36, -38, -45, -53, -61, -54, -58, -48, -03, -07, -02, -40, -21,  42, -36, -35, -53, 148,  49, -33, -61, -61, -61, -61
Y, -24, -19, -15, -39, -07, -28, -24, -45,  21, -08,  00, -23, -09,  52, -45, -15, -21,  49,  83, -12, -61, -61, -61, -61
V,  00, -23, -26, -35,  18, -18, -23, -38, -23,  33,  20, -20,  14, -03, -25, -14, -01, -33, -12,  35, -61, -61, -61, -61
B, -61, -61, -61, -61, -61, -61, -61, -61, -61, -61, -61, -61, -61, -61, -61, -61, -61, -61, -61, -61, -61, -61, -61, -61
Z, -61, -61, -61, -61, -61, -61, -61, -61, -61, -61, -61, -61, -61, -61, -61, -61, -61, -61, -61, -61, -61, -61, -61, -61
X, -61, -61, -61, -61, -61, -61, -61, -61, -61, -61, -61, -61, -61, -61, -61, -61, -61, -61, -61, -61, -61, -61, -61, -61
*, -61, -61, -61, -61, -61, -61, -61, -61, -61, -61, -61, -61, -61, -61, -61, -61, -61, -61, -61, -61, -61, -61, -61, -61